{"cameraMode":{"drawMode":0,"name":"Shaded","section":"Shading Mode"},"sceneLighting":false,"audioPlay":false,"sceneViewState":{"showFog":true,"showMaterialUpdate":false,"showSkybox":false,"showFlares":true,"showImageEffects":true,"showParticleSystems":true},"in2DMode":false,"pivot":{"x":2.5,"y":-0.04999999701976776,"z":2.4999923706054689},"rotation":{"x":0.22150234878063203,"y":0.6736651659011841,"z":-0.22310583293437959,"w":0.6688390970230103},"size":11.668411254882813,"orthographic":false}