{"cameraMode":{"drawMode":0,"name":"Shaded","section":"Shading Mode"},"sceneLighting":true,"audioPlay":false,"sceneViewState":{"showFog":true,"showMaterialUpdate":true,"showSkybox":true,"showFlares":true,"showImageEffects":true,"showParticleSystems":true},"in2DMode":false,"pivot":{"x":-0.7071717381477356,"y":0.9492167830467224,"z":39.073001861572269},"rotation":{"x":0.18349699676036836,"y":-0.05491496995091438,"z":0.010337733663618565,"w":0.9815852642059326},"size":1.582914113998413,"orthographic":false}