{"cameraMode":{"drawMode":0,"name":"Shaded","section":"Shading Mode"},"sceneLighting":false,"audioPlay":false,"sceneViewState":{"showFog":true,"showMaterialUpdate":false,"showSkybox":false,"showFlares":true,"showImageEffects":true,"showParticleSystems":true},"in2DMode":false,"pivot":{"x":0.5,"y":1.0499999523162842,"z":0.04999997839331627},"rotation":{"x":-0.009636367671191693,"y":-0.9816822409629822,"z":0.18351539969444276,"w":-0.05128716304898262},"size":3.8413472175598146,"orthographic":false}