{"cameraMode":{"drawMode":0,"name":"Shaded","section":"Shading Mode"},"sceneLighting":false,"audioPlay":false,"sceneViewState":{"showFog":true,"showMaterialUpdate":false,"showSkybox":false,"showFlares":true,"showImageEffects":true,"showParticleSystems":true},"in2DMode":false,"pivot":{"x":-1.9720032215118409,"y":1.3969249725341797,"z":37.01759719848633},"rotation":{"x":0.04840891808271408,"y":-0.8454197645187378,"z":0.07786358147859574,"w":0.5262728333473206},"size":7.7010817527771,"orthographic":false}