{"cameraMode":{"drawMode":0,"name":"Shaded","section":"Shading Mode"},"sceneLighting":false,"audioPlay":false,"sceneViewState":{"showFog":true,"showMaterialUpdate":false,"showSkybox":false,"showFlares":true,"showImageEffects":true,"showParticleSystems":true},"in2DMode":false,"pivot":{"x":-1.8622329235076905,"y":1.5478726625442505,"z":43.400169372558597},"rotation":{"x":0.05200337618589401,"y":-0.24665510654449464,"z":-0.013257821090519429,"w":-0.9676452875137329},"size":1.3815124034881592,"orthographic":false}